Type,Name,Request Count,Failure Count,Median Response Time,Average Response Time,Min Response Time,Max Response Time,Average Content Size,Requests/s,Failures/s,50%,66%,75%,80%,90%,95%,98%,99%,99.9%,99.99%,100%
GET,GET /api/activitys [缓存],5474,0,7,8.805447972249466,1.8233999999210937,137.81220000055328,7193.0,92.40436954814002,0.0,7,9,10,12,17,22,31,39,83,140,140
GET,GET /api/clue/{phone} [唯一性校验],2308,0,14,26.789061525116196,1.9754999993892852,258.2070999997086,39.0,38.96041010542696,0.0,14,22,32,41,71,98,130,140,260,260,260
GET,GET /api/clues/cursor [游标],3638,0,16,29.55406291918748,2.6840999998967163,261.4888999996765,29621.0,61.41159963758374,0.0,16,26,38,49,76,100,120,150,190,260,260
GET,GET /api/clues?current=1 [偏移-浅页],3735,0,19,34.06633852745054,2.639399999679881,395.05110000027344,15146.0,63.0490172200042,0.0,19,30,42,54,83,110,150,190,330,400,400
GET,GET /api/clues?current=5000 [偏移-深页],2219,0,720,727.2311914826482,170.51270000047225,1833.1963000000542,16511.0,37.458037272072104,0.0,720,830,900,950,1100,1200,1300,1400,1700,1800,1800
GET,GET /api/customers?current=1,2296,0,19,35.13595400700101,2.6894000002357643,374.1226000001916,28073.0,38.75784298182855,0.0,19,31,42,53,85,110,160,210,300,370,370
GET,GET /api/dicvalue/{typeCode} [缓存],4630,0,4,5.7263871058373175,1.3572000007116003,120.44819999937317,476.1522678185745,78.15714852171872,0.0,4,6,7,8,11,14,19,26,55,120,120
POST,POST /api/login,50,0,160,160.76047000013205,92.89739999985613,252.1507000001293,5558.0,0.8440296816600295,0.0,170,180,200,200,210,250,250,250,250,250,250
,Aggregated,24350,0,11,85.16365468584004,1.3572000007116003,1833.1963000000542,12623.080246406571,411.04245496843436,0.0,11,19,31,46,150,680,930,1100,1400,1700,1800
